accounts,id1,account and name_file and upload_date (1),id2,account and name_file and upload_date (2)
account01,4585,account01 - file1.docx - 20/7/2024,2465,account01 - file1.docx - 20/7/2024
account02,7446,account02 - file2.docx - 21/7/2024,4587,account02 - file2.docx - 21/7/2024
account03,5745,account03 - file3.docx - 22/7/2024,5789,account03 - file3.docx - 22/7/2024
account04,4757,account04 - file4.txt - 23/7/2024,7575,account04 - file4.txt - 23/7/2024
account05,8123,account05 - file5.txt - 24/7/2024,1456,account05 - file5.txt - 24/7/2024
account06,1445,account06 - file6.xlsx - 25/7/2024,7986,account06 - file6.xlsx - 25/7/2024
account07,2005,account07 - file7.docx - 26/7/2024,4686,account07 - file7.docx - 26/7/2024
account08,2011,account08 - file8.docx - 27/7/2024,7657,account08 - file8.docx - 27/7/2024
account09,5745,account09 - file9.docx - 28/7/2024,5742,account09 - file9.docx - 28/7/2024
account10,5737,account10 - file10.py - 29/7/2024,8788,account10 - file10.py - 29/7/2024
Minh Phan,3422,Minh Phan - file11.docx - 30/7/2024,1111,Minh Phan - file11.docx - 30/7/2024
Quang Minh,5468,Quang Minh - file12.docx - 31/7/2024,4264,Quang Minh - file12.docx - 31/7/2024